Age,Gender,SelfEmployed,FamilyHistory,WorkInterfere,No_of_Employees,RemoteWork,TechCompany,Benefits,CareOptions,WellnessProgram,SeekHelp,Anonymity,Leave,MHConsequence,PHConsequence,Coworkers,Supervisor,MHInterview,PHInterview,MHvsPH,ObsConsequence,WorkHours,SleepHours,StressLevel,model_used,RiskProbability,timestamp
39,Female,Yes,No,Sometimes,6-25,No,Yes,Yes,Yes,Yes,Yes,Yes,Easy,No,No,Yes,Yes,Yes,Yes,Yes,No,8,6,3,LogisticRegression,53.67,2025-08-26 08:01:27
28,Male,Yes,Yes,Never,1-5,Yes,Yes,Yes,Yes,Yes,Yes,Yes,Easy,Yes,Yes,Yes,Yes,Yes,Yes,Yes,Yes,9,7,6,LogisticRegression,57.29,2025-08-26 08:06:54
40,Female,Yes,No,Sometimes,6-25,No,Yes,Yes,No,Yes,Yes,No,Neutral,No,No,Yes,Yes,Yes,Yes,No,Yes,9,6,4,LogisticRegression,56.58,2025-08-26 08:36:39
29,Female,No,No,Rarely,6-25,Yes,Yes,Yes,No,No,Yes,No,Difficult,No,No,Yes,Yes,Yes,Yes,Yes,No,9,6,4,LogisticRegression,26.19,2025-08-26 08:37:36
35,Male,No,No,Often,6-25,No,Yes,Yes,No,No,Yes,No,Difficult,Yes,Yes,Yes,Yes,Yes,Yes,Yes,Yes,9,9,6,LogisticRegression,79.69,2025-08-26 08:45:18
28,Male,Yes,Yes,Never,1-5,Yes,Yes,Yes,Yes,Yes,Yes,Yes,Easy,Yes,Yes,Yes,Yes,Yes,Yes,Yes,Yes,9,7,6,LogisticRegression,57.29,2025-08-26 13:14:57
28,Male,Yes,Yes,Never,1-5,Yes,Yes,Yes,Yes,Yes,Yes,Yes,Easy,Yes,Yes,Yes,Yes,Yes,Yes,Yes,Yes,9,7,6,LogisticRegression,57.29,2025-08-26 13:59:57
28,Male,Yes,Yes,Never,1-5,Yes,Yes,Yes,Yes,Yes,Yes,Yes,Easy,Yes,Yes,Yes,Yes,Yes,Yes,Yes,Yes,9,7,6,LogisticRegression,57.29,2025-08-27 00:35:31
